bioproject,sra
579449,"9273334, 9273333, 9273332, 9273331, 9273330, 9273329, 9273328, 9273327, 9273326, 9273325, 9273324, 9273323, 9273322, 9273321, 9273320, 9273319, 9273318, 9273317, 9273316, 9273315, 9273314, 9273313, 9273312, 9273311, 9273310, 9273309, 9273308, 9273307, 9273306"
566041,"9032262, 9032261, 9032260, 9032259, 9032258, 9032257"
565436,"9013400, 9013399, 9013398, 9013397, 9013396, 9013395, 9013394, 9013393, 9013392, 9013391, 9013390, 9013389, 9013388, 9013387, 9013386, 9013385, 9013384, 9013383, 9013382, 9013381, 9013380, 9013379, 9013378, 9013377, 9013376, 9013375, 9013374, 9013373, 9013372, 9013371, 9013370, 9013369, 9013368, 9013367, 9013366, 9013365, 9013364, 9013363"
560818,"8865005, 8865004, 8865003, 8865002, 8865001, 8865000, 8864999, 8864998, 8864997, 8864996, 8864995, 8864994, 8864993, 8864992, 8864991, 8864990, 8864989, 8864988, 8864987, 8864986, 8864985, 8864984, 8864983, 8864982, 8864981, 8864980, 8864979, 8864978, 8864977, 8864976, 8864975, 8864974, 8864973, 8864972, 8864971, 8864970, 8864969, 8864968, 8864967, 8864966, 8864965, 8864964, 8864963, 8864962, 8864961, 8864960, 8864959, 8864958, 8864957, 8864956, 8864955, 8864954, 8864953, 8864952, 8864951, 8864950"
529845,"7551282, 7551281, 7551280, 7551279, 7551278, 7551277, 7551276, 7551275, 7551274, 7551273, 7551272, 7551271"
522050,"7261987, 7261986, 7261985, 7261984, 7261983, 7261982"
509718,"7921552, 7921551, 7921550, 7921549, 7921548, 7921547, 7921546, 7921545, 7921543, 7921542, 7921541, 7921540, 7921539, 7921538, 7921537, 7921536, 7921535, 7921534, 7921533, 7921509, 7921508, 7921507, 7921506, 7921505, 7921504, 7921503, 7921502, 7921501, 7921500, 7921461, 7921460, 7921459, 7921458, 7921457, 7921456, 7921455, 7921454, 7921453, 7921452, 7921451, 7921450, 7921414, 7921413, 7921412, 7921411, 7921410, 7921409, 7921408, 7921407, 7921406, 7921405, 7921404, 7921403, 7921402, 7921401, 7921400, 7921399, 7921398, 7921397, 7921396, 7921395, 7921382, 7921381, 7921380, 7921379, 7921378, 7921377, 7921376, 7921375, 7921374, 7921373, 7921361, 7921360, 7921357, 7921356, 7921355, 7921354, 7921299, 7921298, 7921297, 7921296, 7921295, 7921294, 7921293, 7921292, 7921290, 7921289, 7921287, 7921285, 7921284, 7921283, 7921282, 7921281, 7921280, 7921279, 7921278, 7921277, 7921276, 7921265, 7921264, 7921263, 7921262, 7921261, 7921260, 7921259, 7921258, 7921257, 7921256, 7921255, 7921254, 7921253, 7921252, 7921251, 7921250, 7921249, 7921248, 7921247, 7921246, 7921224, 7921223, 7921222, 7921221, 7921220, 7921219, 7921218, 7921217, 7921216, 7921215, 7921198, 7921197, 7921195, 7921194, 7921193, 7921192, 7921191, 7921189, 7921188, 7921186, 7921185, 7921184, 7921183, 7921182, 7921181, 7921180, 7921179, 7921178, 7921177, 7921166, 7921165, 7921164, 7921163, 7921162, 7921161, 7921160, 7921159, 7921158, 7921157, 7921156, 7921155, 7921150, 7921149, 7921128, 7921127, 7921126, 7921125, 7921124, 7921123, 7921122, 7921121, 7921120, 7921119, 7921116, 7921115, 7921114, 7921113, 7921112, 7921111, 7921110, 7921109, 7921107, 7921554, 7921553, 7921544, 7921532, 7921531, 7921530, 7921529, 7921528, 7921527, 7921526, 7921525, 7921524, 7921523, 7921522, 7921520, 7921519, 7921518, 7921517, 7921515, 7921514, 7921511, 7921510, 7921499, 7921498, 7921497, 7921496, 7921495, 7921494, 7921493, 7921492, 7921491, 7921490, 7921489, 7921488, 7921487, 7921486, 7921484, 7921483, 7921482, 7921481, 7921480, 7921479, 7921478, 7921477, 7921476, 7921475, 7921474, 7921473, 7921447, 7921446, 7921445, 7921444, 7921443, 7921442, 7921441, 7921440, 7921439, 7921438, 7921436, 7921435, 7921434, 7921433, 7921432, 7921431, 7921430, 7921429, 7921427, 7921426, 7921424, 7921423, 7921422, 7921421, 7921420, 7921419, 7921418, 7921417, 7921416, 7921415, 7921371, 7921370, 7921369, 7921368, 7921367, 7921366, 7921365, 7921364, 7921363, 7921362, 7921359, 7921358, 7921353, 7921352, 7921341, 7921340, 7921339, 7921338, 7921337, 7921336, 7921335, 7921334, 7921333, 7921332, 7921331, 7921330, 7921329, 7921328, 7921327, 7921326, 7921325, 7921324, 7921323, 7921322, 7921321, 7921320, 7921319, 7921318, 7921317, 7921316, 7921315, 7921314, 7921313, 7921312, 7921311, 7921310, 7921309, 7921308, 7921307, 7921306, 7921305, 7921304, 7921303, 7921302, 7921244, 7921243, 7921242, 7921241, 7921240, 7921239, 7921238, 7921237, 7921236, 7921235, 7921234, 7921233, 7921232, 7921231, 7921230, 7921229, 7921228, 7921227, 7921226, 7921225, 7921214, 7921203, 7921202, 7921196, 7921154, 7921153, 7921152, 7921151, 7921148, 7921147, 7921146, 7921145, 7921144, 7921143, 7921142, 7921141, 7921140, 7921139, 7921138, 7921137, 7921136, 7921135, 7921134, 7921133, 7921132, 7921131, 7921130, 7921129, 7921521, 7921516, 7921513, 7921512, 7921485, 7921472, 7921471, 7921470, 7921469, 7921468, 7921467, 7921466, 7921465, 7921464, 7921463, 7921462, 7921449, 7921448, 7921437, 7921428, 7921425, 7921394, 7921393, 7921392, 7921391, 7921390, 7921389, 7921388, 7921387, 7921386, 7921385, 7921384, 7921383, 7921372, 7921351, 7921350, 7921349, 7921348, 7921347, 7921346, 7921345, 7921344, 7921343, 7921342, 7921301, 7921300, 7921291, 7921288, 7921286, 7921275, 7921274, 7921273, 7921272, 7921271, 7921270, 7921269, 7921268, 7921267, 7921266, 7921245, 7921213, 7921212, 7921211, 7921210, 7921209, 7921208, 7921207, 7921206, 7921205, 7921204, 7921201, 7921200, 7921199, 7921190, 7921187, 7921176, 7921175, 7921174, 7921173, 7921172, 7921171, 7921170, 7921169, 7921168, 7921167, 7921118, 7921117, 7921108"
494637,"6533963, 6533962, 6533961, 6533960, 6533959, 6533958, 6533957, 6533956, 6533955, 6533954, 6533953, 6533952, 6533951, 6533950, 6533949, 6533948, 6533947, 6533946, 6533945, 6533944, 6533943"
487286,"7201602, 7201601, 7201600, 7201599, 7201598, 7201597, 7201596, 7201595"
480305,"5939946, 5939945, 5939944, 5939943, 5939942, 5939941, 5939940, 5939939, 5939938, 5939937, 5939936, 5939935, 5939934, 5939933, 5939932, 5939931, 5939930, 5939929, 5939928, 5939927"
479761,"5897969, 5897968, 5897967, 5897966, 5897965, 5897964, 5897963, 5897962, 5897961, 5897960, 5897959, 5897958, 5897957, 5897956, 5897955, 5897954, 5897953, 5897952, 5897951, 5897950, 5897949, 5897948, 5897947, 5897946, 5897945, 5897944, 5897943, 5897942, 5897941, 5897940, 5897939, 5897938, 5897937, 5897936, 5897935, 5897934, 5897933, 5897932, 5897931, 5897930, 5897929, 5897928, 5897927"
471454,"5861670, 5861669, 5861668, 5861667, 5861666, 5861665, 5861664, 5861663, 5861662, 5861661, 5861660, 5861659, 5861658, 5861657, 5861656, 5861655, 5861654, 5861653, 5861652, 5861651, 5861650, 5861649, 5861648, 5861647, 5861646, 5861645, 5861644, 5861643, 5861642, 5861641, 5861640, 5861621, 5861620, 5861619, 5861618, 5861617, 5861616, 5861615, 5861614, 5861613, 5861612, 5861611, 5861610, 5861609, 5861608, 5861607, 5861606, 5861605, 5861604, 5861603, 5861602, 5861601, 5861600, 5861599, 5861598, 5861597, 5861596, 5861595, 5861594, 5861593, 5861592, 5861591, 5851666, 5851665, 5851664, 5851663, 5851662, 5851661, 5851660, 5851659, 5851658, 5851657, 5851656, 5851655, 5851654, 5851653, 5851652, 5851651, 5851650, 5851649, 5851648, 5851647, 5851646, 5851645, 5851644, 5851643, 5851642, 5851641, 5851640, 5851639, 5851638, 5851637, 5851636, 5850463, 5850462, 5850461, 5850460, 5850459, 5850458, 5850457, 5850456, 5850455, 5850454, 5850453, 5850452, 5850451, 5850450, 5850449, 5850448, 5850447, 5850446, 5850445, 5850444, 5850443, 5850442, 5850441, 5850440, 5850439, 5850438, 5850437, 5850436, 5850435, 5850434, 5850433, 5850432, 5850431, 5850430, 5850429, 5850428, 5850427, 5850426, 5850425, 5850424, 5850423, 5850422, 5850421, 5850420, 5850419, 5850418, 5850417, 5850416, 5850415, 5850414, 5850413, 5850412, 5850411, 5850410, 5850409, 5850408, 5850407, 5850406, 5850405, 5850404, 5850403, 5850402, 5849284, 5849283, 5849282, 5849281, 5849280, 5849279, 5849278, 5849277, 5849276, 5849275, 5849274, 5849273, 5849272, 5849271, 5849270, 5849269, 5849268, 5849267, 5849266, 5849265, 5849264, 5849263, 5849262, 5849261, 5849260, 5849259, 5849258, 5849257, 5849256, 5849255, 5849254, 5849194, 5849193, 5849192, 5849191, 5849190, 5849189, 5849188, 5849187, 5849186, 5849185, 5849184, 5849183, 5849182, 5849181, 5849180, 5849179, 5849178, 5849177, 5849176, 5849175, 5849174, 5849173, 5849172, 5849171, 5849170, 5849169, 5849168, 5849167, 5849166"
445682,"5395112, 5395111, 5395110, 5395109, 5395108, 5395107, 5395106, 5395105, 5395104, 5395103, 5395102, 5395101, 5395100, 5395099, 5395098, 5395097, 5395096, 5395095, 5395094, 5395093, 5395092, 5395091, 5395090, 5395089, 5395088, 5395087, 5395086, 5395085, 5395084, 5395083, 5395082, 5395081, 5395080, 5395079, 5395078, 5395077, 5395076, 5395075, 5395074, 5395073, 5395072, 5395071, 5395070, 5395069, 5395068, 5395067, 5395066, 5395065, 5395064, 5395063, 5395062, 5395061, 5395060, 5395059, 5395058, 5395057, 5395056, 5395055, 5395054, 5395053, 5395052, 5395051, 5395050, 5395049, 5395048, 5395047, 5395046, 5395045, 5395044, 5395043, 5395042, 5395041, 5395040, 5395039, 5395038, 5395037, 5395036, 5395035, 5395034, 5395033, 5395032, 5395031, 5395030, 5395029, 5395028, 5395027, 5395026, 5395025, 5395024, 5395023, 5395022, 5395021, 5395020, 5395019, 5395018, 5395017, 5395016, 5395015, 5395014, 5395013, 5395012, 5395011, 5395010, 5395009, 5395008, 5395007, 5395006, 5395005, 5395004, 5395003, 5395002, 5395001, 5395000, 5394999, 5394998, 5394997, 5394996, 5394995, 5394994, 5394993, 5394992, 5394991, 5394869, 5394868, 5394867, 5394866, 5394865, 5394864, 5394863, 5394862, 5394861, 5394860, 5394859, 5394858, 5394857, 5394856, 5394855, 5394854, 5394853, 5394852, 5394851, 5394850, 5394849, 5394848, 5394847, 5394846, 5394845, 5394844, 5394843, 5394842, 5394841, 5394840, 5394839, 5394838, 5394837, 5394836, 5394835, 5394834, 5394833, 5394832, 5394831, 5394830, 5394829, 5394828, 5394827, 5394826, 5394825, 5394824, 5394823, 5394822, 5394821, 5394820, 5394819, 5394818, 5394817, 5394816, 5394815, 5394814, 5394813, 5394812, 5394811, 5394810, 5394809, 5394808, 5394807, 5394806, 5394805, 5394804, 5394803, 5394802, 5394801, 5394800, 5394799, 5394798, 5394797, 5394796, 5394795, 5394794, 5394793, 5394792, 5394791, 5394790, 5394789, 5394788, 5394787, 5394786, 5394785, 5394784, 5394783, 5394782, 5394781, 5394780, 5394779, 5394778, 5394777, 5394776, 5394775, 5394774, 5394773, 5394772, 5394771, 5394770, 5394769, 5394768, 5394767, 5394766, 5394765, 5394764, 5394763, 5394762, 5394761, 5394760, 5394759, 5394758, 5394757, 5394756, 5394755, 5394754, 5394753, 5394752, 5394751, 5394750, 5394749, 5394748, 5394747, 5394746, 5394745, 5382765, 5382764, 5382763, 5382762, 5382761, 5382760, 5382759, 5382758, 5382757, 5382756, 5382755, 5382754, 5382753, 5382752, 5382751, 5382750, 5382749, 5382748, 5382747, 5382746, 5382745, 5382744, 5382743, 5382742, 5382741, 5382740, 5382739, 5382738, 5382737, 5382736, 5382735, 5382734, 5382733, 5382732, 5382731, 5382730, 5382729, 5382728, 5382727, 5382726, 5382725, 5382724, 5382723, 5382722, 5382721, 5382720, 5382719, 5382718, 5382717, 5382716, 5382715, 5382714, 5382713, 5382712, 5382711, 5382710, 5382709, 5382708, 5382707, 5382706, 5382705, 5382704, 5382703, 5382702, 5382701, 5382700, 5382699, 5382698, 5382697, 5382696, 5382695, 5382694, 5382693, 5382692, 5382691, 5382690, 5382689, 5382688, 5382687, 5382686, 5382685, 5382684, 5382683, 5382682, 5382681, 5382680, 5382679, 5382678, 5382677, 5382676, 5382675, 5382674, 5382673, 5382672, 5382671, 5382670, 5382669, 5382668, 5382667, 5382666, 5382665"
433427,"5611449, 5611448, 5611447, 5611446, 5611445, 5611444, 5611443, 5611442, 5611441, 5611440, 5611439, 5611438, 5611437, 5611436, 5611435, 5611434, 5611433, 5611432, 5611431, 5611430, 5611429, 5611428, 5611427, 5611426, 5611425, 5611424, 5611423, 5611422, 5611421, 5611420, 5611419, 5611418, 5611417, 5611416, 5611415, 5611414, 5611413, 5611412, 5611411, 5611410, 5611409, 5611408, 5611407, 5611406, 5611405, 5611404, 5611403, 5611402, 5611401, 5611400, 5611399, 5611398, 5611397, 5611396, 5611395, 5611394, 5611393, 5611392, 5611391, 5611390, 5611389, 5611388, 5611387, 5611386, 5611385, 5611384, 5611383, 5611382, 5611381, 5611380, 5611379, 5611378, 5611377, 5611376, 5611375, 5611374, 5611373, 5611372, 5611371, 5611370, 5611369, 5611368, 5611367, 5611366, 5611365, 5611364, 5611363, 5611362, 5611361, 5611360, 5611359, 5611358, 5611357, 5611356, 5611355, 5611354, 5611353, 5611352, 5611351, 5611350, 5611349, 5611348"
395557,"4333565, 4333564, 4333563, 4333562, 4333561, 4333560, 4333559, 4333558, 4333557, 4333556, 4333555, 4333554, 4333553, 4333552, 4333551, 4333550, 4333549, 4333548, 4333547, 4333546, 4333545, 4333544, 4333543, 4333542, 4333541, 4333540, 4333539, 4333538, 4333537, 4333536, 4333535, 4333534, 4333533, 4333532, 4333531, 4333530, 4333529, 4333528, 4333527, 4333526, 4333525, 4333524, 4333523, 4333522, 4333521, 4333520, 4333519, 4333518, 4333517, 4333516, 4333515, 4333514, 4333513, 4333512, 4333511, 4333510, 4333509, 4333508, 4333507, 4333506, 4333505, 4333504, 4333503, 4333502, 4333501, 4333500, 4333499, 4333498, 4333497, 4333496, 4333495, 4333494, 4333493, 4333492, 4333491, 4333490, 4333489, 4333488, 4333487, 4333486, 4333485, 4333484, 4333483, 4333482, 4333481, 4333480, 4333479, 4333478, 4333477, 4333476, 4333475, 4333474, 4333473, 4333472, 4333471, 4333470, 4333469, 4333468, 4333467, 4333466, 4333465, 4333464, 4333463, 4333462, 4333461, 4333460, 4333459, 4333458, 4333457, 4333456, 4333455, 4333454, 4333453, 4333452, 4333451, 4333450, 4333449, 4333448, 4333447, 4333446, 4333445, 4333444, 4333443, 4333442, 4333441, 4333440, 4333439, 4333438, 4333437, 4333436, 4333435, 4333434, 4333433, 4333432, 4333431, 4333430, 4333429, 4333428, 4333427, 4333426, 4333425, 4333424, 4333423, 4333422, 4333421, 4333420, 4333419, 4333418, 4333417, 4333416, 4333415, 4333414, 4333413"
393048,"4253765, 4253764, 4253763, 4253762, 4253761, 4253760, 4253759, 4253758, 4253757, 4253756, 4253755, 4253754, 4253753, 4253752, 4253751, 4253750, 4253749, 4253748, 4253747, 4253746, 4253745, 4253744, 4253743, 4253742, 4253741, 4253740, 4253739, 4253738, 4253737, 4253736, 4253735, 4253734, 4253733, 4253732, 4253731, 4253730, 4253729, 4253728, 4253727, 4253726"
383368,"3956921, 3956920, 3956919, 3956918, 3956917, 3956916, 3956915, 3956914, 3956913, 3956912, 3956911, 3956910, 3956909, 3956908, 3956907, 3956906, 3956905, 3956904, 3956903, 3956902, 3956901, 3956900, 3956899, 3956898, 3956897, 3956896, 3956895, 3956894, 3956893, 3956892, 3956891, 3956890, 3956889, 3956888, 3956887, 3956886, 3956885, 3956884, 3956883, 3956882, 3956881, 3956880, 3956879, 3956878, 3956877, 3956876, 3956875, 3956874, 3956873, 3956872, 3956871, 3956870, 3956869, 3956868, 3956867, 3956866, 3956865, 3956864, 3956863, 3956862, 3956861, 3956860, 3956859, 3956858, 3956857, 3956856, 3956855, 3956854, 3956853, 3956852, 3956851, 3956850, 3956849, 3956848, 3956847, 3956846, 3956845, 3956844, 3956843, 3956842, 3956841, 3956840, 3956839, 3956838, 3956837, 3956836, 3956835, 3956834, 3956833, 3956832, 3956831, 3956830, 3956829, 3956828, 3956827, 3956826, 3956825, 3956824, 3956823, 3956822, 3956821, 3956820, 3956819, 3956818, 3956817, 3956816, 3956815, 3956814, 3956813, 3956812, 3956811, 3956810, 3956809, 3956808, 3956807, 3956806, 3956805, 3956804, 3956803, 3956802, 3956801, 3956800, 3956799, 3956798, 3956797, 3956796, 3956795, 3956794, 3956793, 3956792, 3956791, 3956790, 3956789, 3956788, 3956787, 3956786, 3956785, 3956784, 3956783, 3956782, 3956781, 3956780, 3956779, 3956778, 3956777, 3956776, 3956775, 3956774, 3956773, 3956772, 3956771, 3956770, 3956769, 3956768, 3956767, 3956766, 3956765, 3956764, 3956763, 3956762, 3956761, 3956760, 3956759, 3956758, 3956757, 3956756, 3956755, 3956754, 3956753, 3956752, 3956751, 3956750, 3956749, 3956748, 3956747, 3956746, 3956745, 3956744, 3956743, 3956742, 3956741, 3956740, 3956739, 3956738, 3956737, 3956736, 3956735, 3956734, 3956733, 3956732, 3956731, 3956730, 3956729, 3956728, 3956727, 3956726, 3956725, 3956724, 3956723, 3956722, 3956721, 3956720, 3956719, 3956718, 3956717, 3956716, 3956715, 3956714, 3956713, 3956712, 3956711, 3956710, 3956709, 3956708, 3956707, 3956706, 3956705, 3956704, 3956703, 3956702, 3956701, 3956700, 3956699, 3956698, 3956697, 3956696, 3956695, 3956694, 3956693, 3956692, 3956691, 3956690, 3956689, 3956688, 3956687, 3956686, 3956685, 3956684, 3956683, 3956682, 3956681, 3956680, 3956679, 3956678, 3956677, 3956676, 3956675, 3956674, 3956673, 3956672, 3956671, 3956670, 3956669, 3956668, 3956667, 3956666, 3956665, 3956664, 3956663, 3956662"
315256,"3546126, 3546125, 3546124, 3546123, 3546122, 3546121, 2346875, 2341026"
313955,"2312090, 2312089, 2312087, 2312085, 2312083, 2312081, 2312080, 2312076, 2312073, 2312070, 2312007, 2311988, 2311986, 2311985, 2311983, 2311982, 2311981, 2311965, 2311963, 2311897, 2311895, 2311880, 2311842, 2311799, 2311791, 2311732, 2311731, 2311729"
312232,"1757924, 1757849, 1757786, 1757767, 1757766, 1757765, 1757762, 1757761, 1757760, 1757759, 1757658, 1757606, 1757517, 1757460, 1757439, 1757438, 1757437, 1757436, 1757435, 1757381, 1757292, 1757229, 1753522, 1753467"
305803,"2406602, 2406601, 2406600, 2406599, 2406598, 2406597, 2406579, 2406578, 2406577, 2406576, 2406575, 2406574, 2406573, 2406572, 2406552, 2406551, 2406550, 2406549, 2406548, 2406547, 2406546, 2406534, 2406525, 2406516"
301509,"2187956, 2187955, 2187954, 2187953, 2187952, 2187951, 2187950, 2187949, 2187948, 2187947, 2187946, 2187945, 2187944, 2187943, 2187942, 2187941, 2187940, 2187939, 2187938, 2187937, 2187936, 2187935, 2187934, 2187933, 2187932, 2187931, 2187930, 2187929, 2187928, 2187927, 2187926, 2187925, 2187924, 2187923, 2187922, 2187921, 2187920, 2187919, 2187918, 2187917, 2187916, 2187915, 2187914, 2187913, 2187912, 2187911, 2187910, 2187909, 2187908, 2187907, 2187906, 2187905, 2187904, 2187903, 2187902, 2187901, 2187900"
295772,"1794755, 1794754, 1794753, 1794752, 1794751, 1794750, 1794749, 1794748, 1794747, 1794746, 1794745, 1794744, 1794743, 1794742, 1794741, 1794740, 1794739, 1794738, 1794737, 1794736, 1794735, 1794734, 1794733, 1794732, 1794731, 1794730, 1794729, 1794728, 1794727, 1794726, 1794725, 1794724, 1794723, 1794722, 1794721, 1794720, 1794719, 1794718, 1794717"
294421,"2223669, 2223668, 2223667, 2223666, 2223665, 2223664, 2223663, 2223662, 2223661, 2223660, 2223659, 2223658, 2223657, 2223656, 2223655, 2223654, 2223653, 2223652, 2223651, 2223650, 2223649, 2223648, 2223647, 2223646, 2223645, 2223644, 2223643, 2223642, 2223641, 2223640, 2223639, 2223638, 2223637, 2223636, 2223635, 2223634, 2223633, 2223632, 2223631, 2223630, 2223629, 2223628, 2223627, 2223626, 2223625, 2223624, 2223623, 2223622, 2223621, 2223620, 2223619, 2223618, 2223617, 2223616, 2223615, 2223614, 2223613, 2223612, 2223611, 2223610, 2223609, 2223608, 2223607, 2223606, 2223605, 2223604, 2223603, 2223602, 2223601, 2223600, 2223599, 2223598, 2223597, 2223596, 2223595, 2223594, 2223593, 2223592, 2223591, 2223590, 2223589, 2223588, 2223587, 2223586, 2223585, 2223584, 2223583, 2223582, 2223581, 2223580, 2223579, 2223578, 2223577, 2223576, 2223575, 2223574, 2223573, 2223572, 2223571, 2223570, 2223569, 2223568, 2223567, 2223566, 2223565, 2223564, 2223563, 2223562, 2223561, 2223560, 2223559, 2223558, 2223557, 2223556, 2223555, 2223554, 2223553, 2223552, 2223551, 2223550, 2223549, 2223548, 2223547, 2223546, 2223545, 2223544, 2223543, 2223542, 2223541, 2223540, 2223539, 2223538, 2223537, 2223536, 2223535, 2223534, 2223533, 2223532, 2223531, 2223530, 2223529, 2223528, 2223527, 2223526, 2223525, 2223524, 2223523, 2223522, 2223521, 2223520, 2223519, 2223518, 2223517, 2223516, 2223515, 2223514, 2223513, 2223512, 2223511, 2223510, 2223509, 2223508, 2223507, 2223506, 2223505, 2223504, 2223503, 2223502, 2223501, 2223500, 2223499, 2223498, 2223497, 2223496, 2223495, 2223494, 2223493, 2223492, 2223491, 2223490, 2223489, 2223488, 2223487, 2223486, 2223485, 2223484, 2223483, 2223482, 2223481, 2223480, 2223479, 2223478, 2223477, 2223476, 2223475, 2223474, 2223473, 2223472, 2223471, 2223470, 2223469, 2223468, 2223467, 2223466, 2223465, 2223464, 2223463, 2223462, 2223461, 2223460, 2223459, 2223458, 2223457, 2223456, 2223455, 2223454, 2223453, 2223452, 2223451, 2223450, 2223449, 2223448, 2223447, 2223446, 2223445, 2223444, 2223443, 2223442, 2223441, 2223440, 2223439, 2223438, 2223437, 2223436, 2223435, 2223434, 2223433, 2223432, 2223431, 2223430, 2223429, 2223428, 2223427, 2223426, 2223425, 2223424, 2223423, 2223422, 2223421, 2223420, 2223419, 2223418, 2223417, 2223416, 2223415, 2223414, 2223413, 2223412, 2223411, 2223410, 2223408, 2223407, 2223406, 2223405, 2223404, 2223403, 2223402, 2223401, 2223400, 2223399, 2223398, 2223397, 2223396, 2223395, 2223394, 2223393, 2223392, 2223391, 2223390, 2223389, 2223388, 2223387, 2223386, 2223385, 2223384, 2223383, 2223382, 2223381, 2223380, 2223379, 2223378, 2223377, 2223376, 2223375, 2223374, 2223373, 2223372, 2223371, 2223370, 2223369, 2223368, 2223367, 2223366, 2223365, 2223364, 2223363, 2223362, 2223361, 2223360, 2223359, 2223358, 2223357, 2223356, 2223355, 2223354, 2223353, 2223352, 2223351, 2223350, 2223349, 2223348, 2223347, 2223346, 2223345, 2223344, 2223343, 2223342, 2223341, 2223340, 2223339, 2223338, 2223337, 2223336, 2223335, 2223334, 2223333, 2223332, 2223331, 2223330, 2223329, 2223328, 2223327, 2223326, 2223325, 2223324, 2223323, 2223322, 2223321, 2223320, 2223319, 2223318, 2223317, 2223316, 2223315, 2223314, 2223313, 2223312, 2223310, 2223309, 2223308, 2223307, 2223306, 2223305, 2223304, 2223303, 2223302, 2223301, 2223300, 2223299, 2223298, 2223296, 2223295, 2223294, 2223293, 2223292, 2223291, 2223290, 2223289, 2223288, 2223287, 2223286, 2223285, 2223284, 2223283, 2223282, 2223281, 2223280, 2223279, 2223278, 2223277, 2223276, 2223275, 2223274, 2223273, 2223272, 2223271, 2223270, 2223269, 2223268, 2223267, 2223266, 2223265, 2223264, 2223263, 2223262, 2223261, 2223260, 2223259, 2223258, 2223257, 2223256, 2223255, 2223254, 2223253, 2223252, 2223251, 2223250, 2223249, 2223248, 2223247, 2223246, 2223245, 2223244, 2223243, 2223242, 2223241, 2223240, 2223239, 2223238, 2223237, 2223236, 2223235, 2223234, 2223233, 2223232, 2223231, 2223230, 2223229, 2223228, 2223227, 2223226, 2223225, 2223224, 2223223, 2223222, 2223221, 2223220, 2223219, 2223218, 2223217, 2223216, 2223215, 2223214, 2223213, 2223212, 2223211, 2223210, 2223209, 2223208, 2223207, 2223206, 2223205, 2223204, 2223203, 2223202, 2223201, 2223200, 2223199, 2223198"
287069,"1561361, 1561360, 1561359, 1561358, 1561357, 1561356, 1561355, 1561354, 1561353, 1561352, 1561351, 1561350, 1561349, 1561348, 1561347, 1561346, 1561345, 1561344, 1561343, 1561342, 1561341, 1561340, 1561339, 1561338, 1561337"
279206,"1411024, 1411023, 1411022, 1411021, 1411020, 1411019, 1411018, 1411017, 1411016, 1411015, 1411014, 1411013, 1411012, 1411011, 1411010, 1411009, 1411008, 1411007, 1411006, 1411005, 1411004, 1411003, 1411002, 1411001, 1411000, 1410999, 1410998, 1410997, 1410996, 1410995, 1410994, 1410993, 1410992, 1410991, 1410990, 1410989, 1410988, 1410987, 1410986, 1410985, 1410984, 1410983, 1410982, 1410981, 1410980, 1410979, 1410978, 1410977, 1410976, 1410975, 1410974, 1410973, 1410972, 1410971, 1410970, 1410969, 1410968, 1410967, 1410966, 1410965, 1410964, 1410963, 1410962, 1410961, 1410960, 1410959, 1410958, 1410957, 1410956, 1410955, 1410954, 1410953, 1410952, 1410951, 1410950, 1410949, 1410948, 1410947, 1410946, 1410945, 1410944, 1410943, 1410942, 1410941, 1410940, 1410939, 1410938, 1410937, 1410936, 1410935, 1410934, 1410933, 1410932, 1410931, 1410930, 1410929, 1410928, 1410927, 1410926, 1410925, 1410924, 1410923, 1410922, 1410921, 1410920, 1410919, 1410918, 1410917, 1410916, 1410915, 1410914, 1410913, 1410912, 1410911, 1410910, 1410909, 1410908, 1410907, 1410906, 1410905, 1410904, 1410903, 1410902, 1410901, 1410900, 1410899, 1410898, 1410897, 1410896, 1410895, 1410894, 1410893, 1410892, 1410891, 1410890, 1410889, 1410888, 1410887, 1410886, 1410885, 1410884, 1410883, 1410882, 1410881, 1410880, 1410879, 1410878, 1410877, 1410876, 1410875, 1410874, 1410873, 1410872, 1410871, 1410870, 1410869, 1410868, 1410867, 1410866, 1410865, 1410864, 1410863, 1410862, 1410861, 1410860, 1410859, 1410858, 1410857, 1410856, 1410855, 1410854, 1410853, 1410852, 1410851, 1410850, 1410849, 1410848, 1410847, 1410846, 1410845, 1410844, 1410843, 1410842, 1410841, 1410840, 1410839, 1410838, 1410837, 1410836, 1410835, 1410834, 1410833, 1410832, 1410831, 1410830, 1410829, 1410828, 1410827, 1410826, 1410825, 1410824, 1410823, 1410822, 1410821, 1410820, 1410819, 1410818, 1410817, 1410816, 1410815, 1410814, 1410813, 1410812"
279151,"1414058, 1414057, 1414055, 1414054, 1414053, 1414052, 1414051, 1414050, 1414049, 1414047, 1414046, 1414045, 1414044, 1414043, 1414041, 1414039, 1414038, 1414037, 1414036, 1414034, 1414032, 1414030, 1414029, 1414023"
278790,"1368975, 1368974, 1368973, 1368972, 1368971, 1368970, 1368969, 1368968, 1368967, 1368966, 1368965, 1368964, 1368963, 1368962, 1368961, 1368960, 1368959, 1368958, 1368957, 1368956, 1368955, 1368954, 1368953, 1368952, 1368951, 1368950, 1368949, 1368948, 1368947, 1368946, 1368945, 1368944, 1368943, 1368942, 1368941, 1368940, 1368939, 1368938, 1368937, 1368936, 1368935, 1368934, 1368933, 1368932, 1368931, 1368930, 1368929, 1368928, 1368927, 1368926, 1368925, 1368924, 1368923, 1368922, 1368921, 1368920"
272960,"1229109, 1229108, 1229106, 1229100, 1229096, 1229091"
271665,"1175801, 1175800, 1175799, 1175798, 1175797, 1175796, 1175795, 1175794, 1175793, 1175792, 1175791, 1175790, 2865563, 2865562, 2865561, 2865560, 2865559, 2865558, 2865557, 2865556, 2865555, 2865554"
269925,"1153193, 1153192, 1153191, 1153190, 1153189, 1153188"
260018,"970366, 970365, 970364, 970363, 970362, 970361, 970360, 970359, 970358, 970357, 970356, 970355, 970354, 970353, 970352, 970351, 970350, 970349, 970348, 970347, 970346, 970345, 970344, 970343, 970342, 970341, 970340, 970339, 970338, 970337, 970336, 970335, 970334, 970333, 970332, 970331, 970330, 970329, 970328, 970327, 970326, 970325, 970324, 970323, 970322, 970321, 970320, 970319, 970318, 970317, 970316, 970315, 970314, 970313, 970312, 970311, 970310, 970309, 970308, 970307, 970306, 970305, 970304, 970303, 970302, 970301, 970300, 970299, 970298, 970297, 970296, 970295, 970294, 970293, 970292, 970291, 970290, 970289, 970288, 970287, 970286, 970285, 970284, 970283, 970282, 970281, 970280, 970279, 970278, 970277, 970276, 970275, 970274, 970273, 970272, 970271, 970270, 970269, 970268, 970267, 970266, 970265, 970264, 970263, 970262, 970261, 970260, 970259, 970258, 970257, 970256, 970255, 970254, 970253, 970252, 970251, 970250, 970249, 970248, 970247, 970246, 970245, 970244, 970243, 970242, 970241, 970240, 970239, 970238, 970237, 970236, 970235, 970234, 970233, 970232, 970231, 970230, 970229, 970228, 970227, 970226, 970225, 970224, 970223, 970222, 970221, 970220, 970219, 970218, 970217, 970216, 970215, 970214, 970213, 970212, 970211, 970210, 970209, 970208, 970207, 970206, 970205, 970204, 970203, 970202, 970201, 970200, 970199, 970198, 970197, 970196, 970195, 970194, 970193, 970192, 970191, 970190, 970189, 970188, 970187, 970186, 970185, 970184, 970183"
253081,859207
248184,"834658, 834657, 834656, 834655, 834654, 834653, 834652, 834651, 834650, 834649, 834648, 834647"
241433,"687342, 687341, 684389, 684388, 684387, 684386, 684385, 684384, 684383, 684382, 684381, 684380, 684379, 684378, 684377, 684376, 684375, 684374, 684373, 684248"
210730,"445978, 445977, 445976, 445975, 445974, 445973, 445972"
178127,"309692, 309691, 309690, 309689, 309688, 309687, 309686, 309685, 309684, 309683, 309682, 309681, 309680, 309679, 309678, 309677, 309676, 309675, 309674, 309673, 309672, 309671, 309670, 309669, 309668, 309667, 309666, 309665, 309664, 309663, 309662, 309661, 309660, 309659, 309658, 309656"
